P_ID,LATITUDE,LONGITUDE
1,77.59796,12.96991
2,76.644605,12.274538
3,77.632191,12.778033
4,77.3445,28.6423
5,88.484911,22.5922
6,76.282571,10.03328
7,75.7956,26.916347
8,76.65,30.74
9,77.674002,13.054202
10,80.14097,12.95161
11,88.326357,26.724219
12,77.591347,13.04034
13,77.403123,28.587711
14,77.5772,13.0352
15,77.481711,28.429614
16,85.862407,20.275267
17,77.5638,12.8855
18,79.08306,21.15389
19,77.613468,13.092356
20,80.11,13.05
21,73.93104,18.452663
22,77.381557,28.5041
23,72.84056,19.05444
24,79.078497,21.105779
25,88.33778,22.54111
26,77.433724,28.63601
27,76.648557,30.712867
28,86.7,24.48
29,76.8606,28.2102
30,77.367514,28.40473
31,74.873234,26.586306
32,72.96333,19.18
33,72.9522,19.1759
34,80.216826,12.852171
35,73.7625,18.5993
36,72.674296,22.312063
37,83.35818,17.815234
38,77.548914,12.894088
39,78.41889,24.69028
40,73.737678,18.539812
41,73.9438,18.5438
42,83.755013,22.803593
43,72.8662,19.014858
44,72.9,20.36667
45,77.039391,28.460928
46,74.845271,12.843852
47,80.151453,13.077175
48,77.351104,28.431862
49,72.88731,19.048403
50,71.392013,25.232239
51,73.124577,19.245347
52,75.34344,19.88879
53,77.383124,28.567633
54,77.54383,12.985039
55,88.372957,22.589694
56,75.734793,26.955346
57,76.38,10.77
58,77.409568,28.506454
59,77.342588,28.406388
60,72.91,19.12
61,77.59833,13.11389
62,75.814198,26.850391
63,77.37273,28.368269
64,80.61667,16.51667
65,74.5,15.86667
66,77.41667,23.25
67,74.7844,13.0915
68,79.111965,21.093676
69,72.821721,19.216097
70,72.8731,19.1615
71,88.298947,22.452032
72,77.5952,12.9506
73,80.104602,20.742166
74,77.41667,28.66667
75,77,21
76,77.389781,28.577673
77,73.148278,18.966114
78,88.36972,22.56972
79,88.439748,26.706157
80,77.477889,23.169982
81,75.775927,26.900926
82,77.66389,12.98556
83,80.19287,12.91716
84,77.652405,12.863421
85,72.919204,19.049513
86,76.732427,30.654128
87,88.404471,23.207157
88,79.506922,26.459137
89,72.51679,23.2257
90,74.647361,18.441256
91,75.7633,26.8626
92,77.426447,28.5035
93,72.932609,19.147866
94,79.83,11.93
95,77.386208,28.560719
96,73.1147,18.4543
97,80.198423,13.069866
98,78.756315,28.861993
99,79.297436,19.980678
100,77.382136,28.576117
101,77.3683,28.6711
102,76.3632965,9.952439
103,73.08,18.75
104,76.746082,30.661104
105,77.651295,13.008071
106,77.950834,27.216013
107,85.33472,23.35556
108,88.39583,22.43917
109,77.070052,28.403138
110,77.659441,12.840956
111,74.747328,13.278237
112,72.82,18.96
113,77.38143,28.59632
114,77.357227,28.394375
115,77.431173,28.579004
116,72.63429,23.166495
117,80.982346,26.707154
118,77.71182,12.80009
119,72.825408,19.128324
120,77.6729,12.9816
121,72.962722,19.239813
122,77.580403,12.905368
123,76.271273,9.930471
124,77.324966,28.568846
125,77.339935,28.582887
126,75.8193,22.1764
127,77.577724,12.977126
128,73.03943,26.29564
129,73.078232,19.048979
130,76.903583,11.026678
131,75.779856,26.878068
132,74.21238,21.56128
133,77.749756,13.141581
134,73.215533,22.261354
135,77.694263,12.905538
136,76.691728,30.684523
137,73.019574,18.964489
138,88.33417,22.53028
139,77.359671,28.535689
140,75.828002,26.928785
141,77.585721,12.928575
142,73.890009,18.475864
143,79.10786,20.098413
144,72.8712,19.1145
145,75.78333,26.16667
146,72.9815265,19.255098
147,77.362752,28.593566
148,77.766797,12.995285
149,80.2095,13.1101
150,73.09646,19.0168
151,72.99956,19.126499
152,73.188827,22.271214
153,80.152774,13.020957
154,77.366515,28.538774
155,77.786,12.86
156,77.376718,28.526624
157,85.810906,20.286571
158,73.042474,19.221571
159,73.115347,19.040066
160,77.6727,12.8458
161,77.426848,28.495803
162,72.913465,20.606469
163,72.836868,19.585537
164,77.665897,12.904179
165,77.700377,12.758604
166,72.83,21.17
167,-86.15292909,40.67197199
168,77.557654,12.880993
169,77.603954,13.033421
170,88.242147,22.301625
171,77.38296,28.678014
172,88.233267,22.486821
173,80.191135,13.086769
174,85.780142,20.257483
175,72.767746,19.696531
176,80.183671,12.957707
177,83.014116,25.248438
178,77.378494,28.546788
179,72.611485,23.182972
180,76.714722,30.697795
181,91.670312,26.154874
182,75.86667,26.91667
183,77.3679,28.5679
184,73.803773,18.485487
185,80.1682,12.8356
186,77.741664,20.892133
187,77.357078,28.522931
188,77.392752,28.558047
189,83.25,17.7
190,73.121275,22.311323
191,76.936447,28.406794
192,76.817624,30.664299
193,77.299035,28.34532
194,72.992114,19.218498
195,91.76667,26.16667
196,77.383669,28.536585
197,70.789479,22.281215
198,73.94167,18.49667
199,72.854418,19.402549
200,81.033767,26.882832
201,72.89969,19.05871
202,72.9,22.55
203,72.818211,18.914541
204,77.434197,28.629811
205,77.401994,28.602325
206,72.988231,19.222101
207,77.522774,12.919423
208,72.893503,19.124896
209,77.59196,12.91668
210,77.622157,13.055985
211,79.460402,13.603543
212,78.480303,17.546483
213,73.7447,18.6182
214,76.836683,28.359199
215,77.5532,12.9223
216,73.1611,22.3301
217,81.090184,21.152442
218,77.339807,28.689982
219,83.41667,18.11667
220,76.946376,28.388225
221,88.438512,22.598675
222,77.347688,28.381971
223,91.62778,26.13722
224,81.660749,21.250076
225,76.2085,10.5339
226,77.358896,28.543278
227,80.787404,24.586021
228,73.911636,20.07911
229,78.102316,9.90708
230,76.822397,30.662283
231,77.768321,12.913771
232,75.838659,26.807408
233,72.841062,21.189685
234,76.751896,30.714837
235,72.8643,19.1758
236,77.616315,12.852041
237,73.06612,19.038205
238,77.629041,12.929162
239,73.983,18.5823
240,77.154897,31.097061
241,76.945489,28.397468
242,75.520538,26.532207
243,72.880754,19.062322
244,76.650876,30.768683
245,78.194369,26.209302
246,72.900306,20.084522
247,72.864964,19.283359
248,77.498465,23.185756
249,77.7,13.23
250,72.932048,20.379289
251,73.19706,22.340396
252,4.42145,50.817397
253,70.752639,22.281878
254,77.712151,13.010349
255,77.427777,23.259859
256,73.077321,19.049989
257,88.470006,22.403867
258,77.489265,12.919987
259,77.322293,28.409274
260,77.34239,16.198332
261,77.113251,28.874383
262,77.6485,13.0306
263,75.750399,26.91868
264,73.128222,22.288976
265,72.820458,19.139348
266,72.8167,19.0167
267,77.5732,13.0583
268,77.74143,12.863492
269,80.27,13.09
270,72.604993,21.800275
271,73.025106,18.973908
272,88.38573,22.519728
273,77.327819,28.548382
274,77.699328,12.980033
275,81.8615,25.3945
276,77.338956,28.644695
277,75.934041,22.727017
278,75.2547,29.9055
279,79.828222,11.931023
280,76.408774,9.893479
281,80.0966,12.9974
282,80.670951,16.531879
283,85.862108,26.222384
284,77.6279,12.8706
285,73.41756,22.12947
286,77.654131,12.88784
287,80.105584,13.034709
288,76.679016,30.698017
289,77.58308,12.808137
290,85.810411,20.277511
291,72.917751,21.235342
292,77.707059,12.732961
293,88.427982,22.617564
294,88.281267,22.221142
295,77.6229,12.9259
296,80.68333,27.56667
297,91.827348,26.157856
298,88.35,22.5
299,73.017947,19.050992
300,77.285903,28.488415
301,75.709505,27.16726
302,76.997254,10.999392
303,77.482482,10.036626
304,80.235348,12.925027
305,77.400502,28.535783
306,77.663799,12.985206
307,73.7413,18.5853
308,74.473635,20.042481
309,73.0833,19.2167
310,76.755011,30.651192
311,75.865105,30.387136
312,76.750614,30.692243
313,72.633149,23.19635
314,73.781944,18.510418
315,76.96667,11
316,76.87,28.21
317,72.868815,19.256471
318,75.573641,31.325966
319,75.741434,26.809242
320,77.360401,28.583704
321,76.19383,10.526103
322,77.5491,12.9847
323,72.85652,21.23994
324,76.971432,28.47944
325,75.841749,26.832353
326,80.111421,13.04724
327,76.298608,9.935413
328,77.347365,28.595305
329,76.58333,18.4
330,73.84778,18.52361
331,76.84983,30.594843
332,73.877715,18.531343
333,76.979049,28.362327
334,77.693554,12.846186
335,77.5321,12.8682
336,81.006714,26.781748
337,73.787918,20.029201
338,79.062102,21.19233
339,73.90536,18.440853
340,79.045846,21.174686
341,79.103607,20.100361
342,72.995687,19.148338
343,80.0824,12.9182
344,87.395907,23.507414
345,72.77484,20.167837
346,74.833347,12.890308
347,88.368,22.529
348,87.274204,23.554673
349,72.8675,19.2836
350,76.8972,28.9196
351,88.447713,26.736714
352,76.860403,30.689021
353,75.91667,17.68333
354,77.5724,12.896796
355,73.77588,18.558319
356,72.839616,19.161955
357,77.680684,12.935541
358,79.646656,21.178534
359,73.176639,22.328394
360,73.004593,26.265915
361,77.365731,23.280294
362,77.335746,28.698133
363,81.306849,21.163131
364,80.188519,13.114624
365,73.875229,18.47954
366,73.735448,18.651598
367,74.35197,18.439098
368,77.3,28.41667
369,78.416,24.6902
370,77.059442,28.990399
371,75.5846,26.9883
372,77.328608,28.574502
373,80.653706,16.498436
374,76.758924,18.129209
375,73.2,22.3
376,72.83333,18.96667
377,77.114195,28.440728
378,72.862596,21.142359
379,72.858164,21.12904
380,76.82,30.65
381,72.8382,21.1677
382,73.850001,15.384909
383,88.388412,22.535636
384,73.097319,19.076057
385,77.159,28.5574
386,73.100621,21.848391
387,136,35
388,72.8309,19.0705
389,70.456703,21.734206
390,77.761394,12.9958935
391,86.1522,22.7808
392,77.06508,28.510034
393,75.594316,27.073397
394,76.83521,16.700359
395,80.124264,13.042089
396,76.616001,11.169483
397,85.3782,24.03687
398,76.964613,28.385415
399,77.732643,12.953042
400,77.646859,12.973237
401,73.145436,22.312358
402,75.825254,26.906098
403,86.144871,25.415663
404,76.637965,12.326657
405,80.617778,16.609758
406,77.3674,28.6221
407,83.356136,17.80268
408,77.6765,12.9255
409,85.357421,23.399528
410,72.963866,19.249861
411,85.82806,20.26444
412,77.856172,12.756152
413,75.928572,22.760061
414,72.8294,19.0164
415,73.109062,18.975268
416,77.5566,13.0814
417,70.79836,22.29691
418,81.586072,21.2612
419,83.395794,18.092898
420,76.635291,22.590732
421,85.816005,20.230195
422,77.099182,28.456809
423,73.185498,22.216168
424,76.970641,11.060813
425,76.5,18.25
426,71.811594,22.571461
427,75.790763,26.930121
428,73.834647,18.540684
429,75.137959,15.355645
430,73.661835,19.085225
431,73.9,18.5333
432,73.008003,19.095064
433,77.36315,28.63676
434,76.970772,28.507037
435,74.641793,26.473073
436,72.8347,19.1849
437,77.3293,28.5822
438,77.00806,29.676163
439,76.75696,30.682453
440,77.674509,12.976741
441,80.210726,12.833224
442,76.292,9.994
443,88.4431525,22.648322
444,88.36667,22.68333
445,81.914212,25.444108
446,73.21997,18.54138
447,80.159352,12.900422
448,79.836041,10.774534
449,75.815098,22.741503
450,72.8409,19.1983
451,73.061159,19.027644
452,85.100455,25.625831
453,77.355611,28.553374
454,82.122996,22.089514
455,77.5973,12.8891
456,81,26.75
457,72.92754,20.604366
458,78.596469,25.454822
459,76.829909,30.638175
460,77.6583,13.0318
461,72.832454,21.232813
462,73.831516,19.908529
463,80.232993,12.836144
464,77.556107,13.036269
465,78.582545,15.873765
466,73.811303,18.556218
467,77.01851,11.074387
468,81.583954,21.272756
469,72.883,19.0713
470,73.9306,18.5348
471,73.933947,18.518797
472,81.863608,25.455213
473,88.44,22.35
474,73.471734,18.58584
475,77.29956,28.450804
476,73.520142,17.524875
477,77.6824,28.9927
478,88.35,22.67
479,72.770931,21.143354
480,73.080488,19.061701
481,-117.0016994,58.69175268
482,77.673275,12.87004
483,78.530138,29.741039
484,75.589997,31.261414
485,74.90751,31.682414
486,72.999804,19.076466
487,79.151794,10.794455
488,80.135164,13.035866
489,78.673469,27.553339
490,74.3422,18.749
491,77.124699,28.716907
492,77.369936,28.38016
493,77.365736,28.542768
494,77.656426,12.863589
495,72.942634,19.175341
496,76.417319,30.593562
497,102.136839,19.894104
498,76.21,10.52
499,72.8114,19.4559
500,75.51919,31.09256
501,73.014086,19.019169
502,86.221099,22.835481
503,72.864824,19.35269
504,75.75,22.66667
505,72.651815,23.234655
506,77.650297,12.879728
507,72.986798,19.072166
508,77.063066,28.378021
509,74.13333,18.48333
510,80.949809,26.766594
511,72.999182,18.205923
512,73.10999,22.056816
513,77.429783,23.232556
514,76.650497,27.545136
515,75.543763,31.292091
516,77.05185,28.509982
517,91.78465,26.115994
518,73.067595,19.049822
519,74.735239,18.097689
520,78.50944,17.47111
521,81.671075,21.244392
522,76.8625,30.6665
523,80.583436,16.535675
524,78.11939,9.91966
525,75.856488,25.112376
526,77.335388,28.568966
527,73.839897,19.957301
528,81.945121,25.427367
529,77.0474,28.4729
530,88.3852,22.6581
531,72.980438,21.631476
532,76.7889,30.760351
533,75.830052,26.894117
534,73.065449,19.035407
535,91.748271,26.109987
536,88.355021,22.682359
537,78.989627,24.395822
538,73.804488,15.462648
539,73.200301,22.24124
540,73.745912,18.637802
541,73.904242,18.484943
542,88.390833,22.69995
543,73.68333,20.75
544,73.946088,18.595456
545,73.890693,18.578765
546,80.662422,16.485583
547,74.835337,12.901969
548,80.260671,12.984808
549,77.394197,23.276856
550,74.171514,16.643818
551,75.749677,26.898139
552,75.881216,30.872533
553,78.5335,17.4569
554,77.5584,12.9155
555,73.107573,19.078847
556,72.8728,19.1955
557,82.615288,17.342126
558,80.17251,13.04394
559,76.2534,9.9449
560,77.4179,13.1479
561,88.370567,22.494831
562,80.99442,26.886881
563,72.7256,19.6394
564,73.586463,18.347616
565,74.203423,16.687388
566,77.386719,28.507373
567,80.91583,26.86056
568,72.827595,19.12775
569,76.301221,9.978538
570,72.628827,23.126218
571,72.8338,19.2361
572,73.867323,18.47372
573,70.492714,22.750413
574,72.835096,19.213466
575,80.248296,13.048973
576,77.44113,23.258447
577,73.871152,18.488418
578,75.839212,26.936483
579,77.465898,28.44414
580,76.706107,30.66486
581,84.78,19.32
582,78.61667,20.75
583,77.370417,28.537227
584,74.869779,12.863386
585,76.693764,30.696627
586,83.124941,17.638457
587,83.00611,25.30694
588,72.13694,21.765
589,77.322604,28.432682
590,90.513797,26.696758
591,77.48,12.91
592,72.813559,19.30405
593,76.62469,12.265026
594,73.017227,21.706242
595,73.7981,18.5956
596,73.072916,19.049214
597,76.2998,9.967
598,75.889532,22.759741
599,80.598886,16.494167
600,86.939424,23.694909
601,75.8057,26.88
602,75.61191,26.773189
603,72.96667,21.7
604,77.333939,28.59863
605,76.586441,12.327102
606,73.7829,18.627
607,78.56962,25.44862
608,73.767,15.62
609,77.403693,28.579845
610,73.9621265,15.292135
611,74.74611,13.33222
612,80.71281,16.47431
613,73.046893,19.186352
614,73.107044,18.988165
615,77.810954,14.166198
616,83.189346,17.677858
617,77.547489,12.864738
618,72.47241,23.15561
619,85.31537,23.329544
620,73.901143,15.376029
621,77.65703,13.061162
622,77.4794,23.15292
623,72.83666,19.083336
624,75.844253,30.885469
625,80.1986,12.9053
626,75.815245,26.901661
627,77.652108,12.843566
628,77.478073,12.976477
629,73.8141,18.5101
630,76.738319,30.712635
631,76.79111,30.73528
632,88.422084,22.605438
633,75.84722,22.72056
634,86.587391,25.879721
635,77.46833,23.16083
636,87.990011,24.090195
637,73.154216,22.271018
638,76.926836,24.23989
639,77.615857,12.934997
640,81.312773,21.17549
641,77.471342,28.634537
642,77.065858,28.255907
643,78.123734,30.382066
644,77.333948,28.552626
645,77.667346,12.822566
646,88.412702,22.572598
647,73.118903,19.000869
648,72.827789,18.996305
649,77.83889,13.09873
650,72.842908,19.141644
651,81.83409,25.43679
652,77.736436,12.986987
653,73.968862,18.490075
654,77.75,20.93333
655,73.84,18.53
656,73.678196,18.714661
657,78.492489,17.416255
658,75.869526,26.82123
659,77.661476,12.885657
660,72.84476,19.01798
661,79.482298,11.946984
662,77.59036,12.865219
663,77.990474,27.204996
664,73.3192845,19.0284965
665,73.720121,18.658033
666,83.02,17.68
667,76.41667,10.10833
668,79.112474,21.167998
669,91.744893,26.141158
670,76.85901,17.32808
671,80.729469,16.753034
672,76.2843,9.9679
673,77.627863,12.944691
674,88.402473,22.491565
675,78.820348,24.104891
676,80.2409,12.961
677,76.800208,30.753067
678,86.216157,22.795922
679,77.562904,12.973681
680,77.69,12.82
681,86.305133,22.923869
682,77.3863,28.5216
683,77.5962,13.051
684,88.417711,22.483471
685,73.225215,22.337395
686,73.075342,19.033956
687,77.07,28.25
688,75.582163,22.175748
689,77.035763,28.392385
690,77.595277,12.977042
691,77.7188,12.9657
692,81.091941,16.719181
693,80.439059,16.338
694,81.1231,26.905623
695,77.736688,12.923762
696,88.352674,22.675548
697,75.56667,21.01667
698,75.605283,27.119087
699,88.3904,22.5041
700,72.804292,21.12359
701,73.708104,24.617977
702,77.402621,28.6496
703,73.853723,18.669919
704,73.805282,15.550351
705,75.388008,32.029726
706,80.22791,12.90015
707,73.829832,18.442587
708,77.091352,12.735182
709,76.811066,28.162032
710,78.156295,26.225345
711,72.85551,19.062792
712,83.227514,17.737508
713,74.473091,19.890762
714,76.983292,28.514348
715,77.056504,28.398408
716,70.781479,22.290385
717,86.2528,22.775
718,73.417,18.083
719,82.602682,25.375506
720,76.861517,30.660437
721,80.241072,13.040035
722,80.2014,12.7281
723,74.837732,12.887837
724,80.863332,26.748868
725,75.298425,21.236599
726,77.625811,12.907374
727,80.27,13.08389
728,79.997696,13.118288
729,72.901148,20.386816
730,76.371995,9.940109
731,77.505488,12.874232
732,76.1,13.06
733,73.679975,15.782431
734,79.842124,10.782597
735,83.2167,17.7
736,77.797816,20.948599
737,85.846045,20.18646
738,77.5416,13.0519
739,76.6276,12.3346
740,75.38,19.48
741,77.390253,28.568096
742,73.695,24.6345
743,85.459795,19.998771
744,79.074805,21.094632
745,76.853855,30.657375
746,73.823649,18.744775
747,73.875757,18.52783
748,76.38833,27.98889
749,77.410298,28.494868
750,77.720248,12.93687
751,77.64,12.91
752,73.815337,18.430375
753,79.109725,21.107412
754,78.02,27.18
755,88.417335,26.747109
756,77.516563,12.957468
757,80.123114,13.011583
758,77.056406,28.423082
759,85.31486,23.355282
760,77.668562,12.915026
761,77.4034,23.261127
762,80.239383,12.946431
763,73.89546,15.479294
764,88.43493,22.620289
765,72.8581,19.0916
766,87.023352,25.254685
767,75.022346,12.880475
768,85.82102,20.353795
769,79.11068,21.114588
770,76.149378,30.363543
771,84.898217,23.531948
772,77.355951,28.406152
773,72.81002,21.151992
774,77.721706,13.031754
775,76.98833,29.69
776,73.764454,15.535439
777,77.334644,28.686091
778,80.151852,23.059889
779,72.889342,19.09188
780,77.6226,13.036
781,72.837361,19.103831
782,75.907993,31.527088
783,76.755347,30.715967
784,80.1622,13.0983
785,77.1,22.33
786,88.318428,22.461348
787,72.87591,20.486196
788,88.363636,22.506447
789,83.977219,26.90595
790,80.169,12.89911
791,75.84169,22.692567
792,77.107771,28.480312
793,88.36301,26.675324
794,77.32,28.57
795,88.38598,22.594985
796,78.225455,26.222194
797,80.22042,12.78627
798,86.180615,22.788421
799,77.348933,28.340575
800,86.9333,23.6667
801,76.133097,13.022383
802,77.766821,12.762714
803,76.674473,30.723932
804,83.44711,17.88639
805,72.842967,18.996549
806,77.077794,28.995663
807,77.667304,13.143933
808,77.60103,12.90025
809,81.324676,21.208232
810,77.605027,13.063752
811,77.7042,12.9381
812,73.753094,20.013202
813,73.818086,18.490507
814,73.066371,19.042483
815,77.6755,12.9077
816,73.96978,15.28669
817,72.883056,18.65367
818,76.698537,13.219742
819,77.316984,28.153836
820,72.969258,21.168661
821,77.346306,28.365512
822,72.898896,19.068492
823,76.51861,9.576452
824,73.1695,22.31055
825,80.920018,26.854743
826,78.9592,24.0447
827,77.717806,12.989437
828,73.162544,22.318485
829,72.846785,19.097244
830,73.892902,18.496129
831,73.000997,19.162174
832,86.93168,23.698756
833,88.263398,22.483287
834,72.7833,19.7833
835,132.764401,35.37387
836,85.406932,23.414141
837,77.722506,12.952357
838,72.619511,23.22533
839,73.233686,22.294094
840,86.523706,23.928951
841,77.689176,28.939024
842,77.10434,28.381346
843,75.802454,26.946108
844,75.700134,30.706256
845,85.304158,23.403785
846,72.937616,19.089471
847,72.940881,20.379733
848,75.353252,19.861162
849,72.875701,18.651819
850,77.679598,13.036179
851,77.3239,28.5706
852,74.451048,16.701663
853,77.585966,12.926251
854,77.57871,13.101004
855,72.8987,20.5967
856,73.7497,15.7096
857,77.683376,12.883959
858,79.006441,21.106063
859,77.712284,12.97045
860,76.996356,28.50437
861,86.487585,23.574468
862,72.905932,20.954757
863,77.111387,28.415573
864,74.854967,12.90514
865,88.21678,22.85625
866,74.473267,19.891606
867,80.151497,13.007082
868,77.497742,28.656129
869,77.62715,13.070052
870,79.929205,23.16164
871,76.772816,30.752321
872,76.743439,30.708083
873,76.964453,11.112332
874,81.318232,21.215393
875,76.644706,12.261327
876,80.1502,12.968
877,88.42,22.58
878,72.851441,19.015576
879,73.76243,18.649985
880,73.302037,16.990249
881,72.8202265,18.9147285
882,76.668359,30.751176
883,77.628291,13.037343
884,77.545033,12.881909
885,80.231049,12.845659
886,88.45,22.7
887,72.76894,19.811319
888,77.422617,23.163669
889,73.28333,18.23333
890,88.441186,22.623598
891,72.884804,19.054325
892,74.022479,18.570308
893,75.903019,22.76432
894,80.208888,13.129471
895,88.378465,22.630965
896,78.491862,17.485275
897,73.070892,19.030318
898,77.347732,28.651287
899,83.336016,17.742488
900,77.761197,13.112151
901,78.543055,17.49382
902,80.18333,12.78333
903,76.759652,30.690115
904,77.28,28.75
905,77.698383,28.943344
906,73.000882,19.097621
907,77.356747,28.580134
908,77.598244,13.035865
909,79.96667,14.43333
910,76.94433,11.081061
911,78.5,17.45
912,77.348794,28.651918
913,88.433715,22.575343
914,77.32331,28.3967
915,74.0265,18.4837
916,72.870319,19.137384
917,76.318152,9.966018
918,74.88056,12.87028
919,73.86068,18.50659
920,74.772257,20.913551
921,77.705392,8.748085
922,77.662077,13.013312
923,75.873414,25.025959
924,77.592324,12.857176
925,88.347176,22.671096
926,78.282467,24.862517
927,80.061452,13.126288
928,73.004757,19.100081
929,73.202906,22.316415
930,-8.369953,52.556894
931,77.340868,13.144144
932,85.86667,20.45
933,77.322174,12.581437
934,73.34418,18.79143
935,88.4304,22.4426
936,73.734374,18.664297
937,77.326457,28.638934
938,77.396668,28.585757
939,80.851214,27.04965
940,73.933498,15.256963
941,73.900063,18.537563
942,80.717926,16.461088
943,77.369224,28.588293
944,78.528384,25.442075
945,79.332733,21.213644
946,72.83929,21.204824
947,77.294023,28.461843
948,88.379757,22.504225
949,78.000723,29.892311
950,80.057557,12.87827
951,72.9608,19.1649
952,77.73556,12.985786
953,76.205851,10.203862
954,79.131094,21.069719
955,79.545556,29.396714
956,80.2153,12.9377
957,74.4721,21.5452
958,88.313191,22.486964
959,78.067294,30.362597
960,80.17286,13.0133
961,80.15586,13.03478
962,73.127287,22.347183
963,77.288522,28.452268
964,77.711252,12.961468
965,73.902544,18.494807
966,80.1986,12.9623
967,78.992326,21.157237
968,80.063733,12.842686
969,72.8598,19.235
970,77.49814,13.069025
971,76.777256,30.755
972,77.022829,28.391441
973,85.864786,20.304302
974,77.391049,13.088349
975,80.13472,12.975
976,77.017574,13.019578
977,73.11498,22.706116
978,73.7626,15.5181
979,73.926175,18.510861
980,88.454886,22.690183
981,76.826552,28.19491
982,75.833527,26.888396
983,75.765051,26.979452
984,73.527868,19.164548
985,70.044462,22.447292
986,76.52222,9.59167
987,86.96667,23.68333
988,73.3,16.98333
989,-86.212488,39.912312
990,76.811315,28.743724
991,72.71527,19.69589
992,77.69547,12.809607
993,77.329477,28.691929
994,73.030763,21.727408
995,73.003115,19.196694
996,73.91,18.56
997,73.9499365,18.5511925
998,85.726324,20.243276
999,73.91722,15.27611
1000,77.033799,11.086274
1001,79.42,13.65
1002,88.317556,22.498882
1003,78.081973,9.896711
1004,80.13082,13.13183
1005,76.748393,30.739007
1006,76.851,30.6963
1007,77.10167,13.34222
1008,75.45094,26.748588
1009,80.006479,13.031849
1010,78.505495,17.501131
1011,72.2,23.18
1012,76.857258,30.710021
1013,80.144044,12.988651
1014,79.45,29.38
1015,75.33028,17.69417
1016,77.363236,16.223616
1017,73.818299,18.61649
1018,70.07,22.47
1019,77.111085,13.344287
1020,83.00909,25.362475
1021,72.946274,20.940818
1022,75.71,26.9186
1023,76.712936,30.678174
1024,74.978049,15.446553
1025,88.600902,22.747639
1026,76.967582,11.018947
1027,74.2,17.28
1028,78.026673,27.221766
1029,79.069531,21.152819
1030,76.90789,28.415363
1031,78.06,30.33
1032,90.639717,26.402982
1033,73.76306,15.545
1034,73.184153,22.310343
1035,77.671517,12.968611
1036,88.335727,22.709679
1037,76.515146,9.58568
1038,80.227989,13.019638
1039,76.958677,29.387209
1040,77.368246,28.530397
1041,83.334838,17.829244
1042,75.92375,22.708876
1043,76.625,27.56246
1044,76.841097,29.974075
1045,85.406313,26.10478
1046,75.708545,26.575258
1047,77.603564,12.921871
1048,72.894352,19.180572
1049,77.3184,28.3712
1050,77.620233,13.081616
1051,87.967687,22.530735
1052,77.364821,28.431903
1053,77.3352,28.5889
1054,79.491924,21.033401
1055,77.3331,28.5722
1056,73.832486,15.553139
1057,88.325825,22.491207
1058,73.820689,18.476532
1059,77.5648,13.0097
1060,72.824114,19.371618
1061,78.144173,11.680696
1062,75.940551,27.999567
1063,78.044472,30.313141
1064,82.99546,25.281261
1065,80.650506,16.550408
1066,76.91959,28.400824
1067,88.518729,22.12703
1068,75.624665,31.325352
1069,79.044557,21.14728
1070,70.122999,23.050157
1071,77.7466,12.9407
1072,85.765283,23.196253
1073,77.59908,12.876691
1074,70.47,21.52
1075,77.0973,28.4278
1076,73.018382,19.015277
1077,73.080342,19.047207
1078,73.8995,18.5481
1079,72.8553,19.1347
1080,86.453351,23.82061
1081,70.058918,22.485666
1082,78.752473,28.87228
1083,80.602623,16.526106
1084,78.13698,13.11608
1085,77.741046,13.010398
1086,75.889492,30.927654
1087,76.169449,10.509544
1088,80.928511,26.798256
1089,77.718122,12.888585
1090,73.09303,22.282591
1091,77.519299,12.90489
1092,78.457598,25.728593
1093,77.370279,28.65998
1094,72.8243,19.1026
1095,77.396592,23.232519
1096,74.56248,16.908113
1097,77.344375,28.392679
1098,76.9531,29.4355
1099,75.899851,17.665607
1100,72.92306,20.95056
1101,83.2051,17.6672
1102,78.974343,21.094126
1103,72.940376,20.942355
1104,87.32,23.55
1105,77.473614,28.649079
1106,75.896906,22.722058
1107,77.612863,12.997946
1108,72.824162,19.137628
1109,77.2307,28.5734
1110,77.765673,12.886702
1111,77.69619,13.078742
1112,91.767427,26.142985
1113,82.6725,23.3012
1114,88.440373,22.58946
1115,77.435433,23.185601
1116,76.972169,28.396092
1117,80.947037,26.901749
1118,88.406203,22.603606
1119,77.422668,23.268579
1120,76.153873,28.792047
1121,77.563644,28.825417
1122,88.459715,22.694665
1123,78.055,30.4571
1124,73,21.6
1125,81.028655,26.80382
1126,74.04333,15.40194
1127,77.68242,12.973432
1128,80.133809,12.841795
1129,72.668046,23.221137
1130,77.5702,12.9437
1131,77.705583,12.78827
1132,80.022,12.8854
1133,87.363421,23.54066
1134,88.427,22.5855
1135,81.56801,21.241333
1136,74.09413,18.267415
1137,79.974048,12.872092
1138,83.365307,17.809233
1139,88.403089,22.140267
1140,88.223965,22.50686
1141,82.207683,20.736194
1142,87.051365,25.254143
1143,80.3089,26.428508
1144,74.194385,15.487991
1145,76.65472,10.77917
1146,73.891059,18.45807
1147,73.8966,18.6771
1148,77.656104,12.990758
1149,-114.053121,46.9096744
1150,75.10617,18.142544
1151,78.055308,29.914435
1152,72.930546,20.384847
1153,70.049742,22.474577
1154,85.320296,23.280038
1155,75.49,11.75
1156,77.357147,28.684262
1157,73.953309,18.486657
1158,77.493907,12.934424
1159,-87.681841,42.049481
1160,73.753171,18.573994
1161,73.685514,18.700817
1162,72.861556,19.306722
1163,73.1686,22.2951
1164,74.73333,19.08333
1165,75.784757,26.990304
1166,77.58,13.064
1167,77.5783,12.978
1168,72.833721,19.13057
1169,72.835286,19.444083
1170,73.80894,15.59197
1171,83.308875,17.741878
1172,77.756579,13.012767
1173,77.763567,12.96573
1174,88.3456,22.7239
1175,72.993784,19.159184
1176,72.997112,19.155552
1177,77.457981,28.683355
1178,75,18.55
1179,77.339119,28.427662
1180,76.85028,30.69444
1181,77.189192,28.690059
1182,85.823918,20.32042
1183,78.075094,30.381792
1184,72.83954,19.0266715
1185,78.046144,30.327966
1186,76.767784,30.739119
1187,73.338475,21.490368
1188,82.662089,18.405972
1189,73.714564,18.673472
1190,85.741152,20.29613
1191,73.576291,18.786013
1192,88.374433,22.101107
1193,72.862113,21.218626
1194,73.73333,19.11667
1195,70.776713,22.308966
1196,78.1076,29.9243
1197,80.296745,26.507928
1198,77.1750505,31.1047715
1199,72.90996,19.075297
1200,72.6399,23.1505
1201,79.051817,21.202671
1202,73.974824,21.308574
1203,88.4384,22.65921
1204,75.077633,20.020552
1205,77.260125,28.783038
1206,73.852052,18.462505
1207,77.70194,12.95619
1208,82.150476,22.102094
1209,80.948937,26.92652
1210,75.121867,15.359746
1211,80.159455,13.134397
1212,73.067869,19.055891
1213,77.991251,23.371554
1214,73.365395,19.350789
1215,81.081471,16.708039
1216,74.264881,16.710471
1217,80.124247,13.071572
1218,88.35,22.7
1219,88.10884,22.581404
1220,80.6179,16.4622
1221,85.17096,25.618705
1222,85.825738,20.333452
1223,72.718721,21.106736
1224,77.012078,20.718207
1225,72.804393,18.967801
1226,73.292858,19.468202
1227,77.7,28.99
1228,81.66765,21.2751
1229,91.777178,26.152148
1230,81.6833,21.1833
1231,85.35,23.98
1232,76.323316,29.305611
1233,80.1372,12.9206
1234,82.987979,25.357594
1235,73.828136,18.542235
1236,72.91401,20.390456
1237,80.0811,12.9638
1238,72.36837,26.030202
1239,77.446166,28.630742
1240,85.34384,23.368714
1241,72.636863,23.234956
1242,77.517166,13.079235
1243,77.013644,28.525772
1244,72.8167,18.9667
1245,72.966637,19.26941
1246,75.888193,22.731547
1247,81.85,25.45
1248,77.0843,28.4818
1249,77.338923,28.644114
1250,88.448921,22.33123
1251,76.28361,9.97833
1252,78.51952,17.451991
1253,77.516865,12.884571
1254,73.88306,15.4425
1255,80.33111,26.4725
1256,74.990374,15.438519
1257,85.01667,24.75
1258,77.647236,13.01926
1259,85.66881,22.901188
1260,75.900743,22.709351
1261,88.519625,22.598052
1262,88.358098,22.501999
1263,75.351019,11.925066
1264,77.3675,28.5942
1265,77.355842,28.564385
1266,75.842321,22.792431
1267,72.833688,19.055866
1268,73.182794,22.337051
1269,78.5595,25.439042
1270,72.951,22.556
1271,73.6892,18.5084
1272,76.79573,30.387184
1273,80.326791,13.279307
1274,77.374755,28.56158
1275,73.29841,18.666791
1276,72.7893,19.708959
1277,77.65446,28.71197
1278,75.7474,26.9248
1279,10.741975,59.912884
1280,86.944846,23.692053
1281,88.428647,26.736539
1282,88.385376,22.602301
1283,77.452739,12.752264
1284,73.25783498,34.552275
1285,73.831829,18.518864
1286,77.011334,28.454165
1287,73.860087,18.46471
1288,72.831995,19.061802
1289,74.993332,20.467899
1290,75.877265,22.701796
1291,77.1021,28.44
1292,74.608558,26.476217
1293,74.730644,13.337165
1294,80.137124,13.009604
1295,73.061357,19.043302
1296,73.0172,19.0242
1297,75.908196,22.738247
1298,86.951712,23.680545
1299,76.755804,30.725549
1300,88.451577,22.582439
1301,76.25564,9.946764
1302,77.755187,12.963292
1303,76.935149,11.045655
1304,76.866762,30.340839
1305,70.022051,23.118635
1306,79.050272,21.119996
1307,87.287479,23.525713
1308,72.98057,21.702961
1309,79.105515,21.181325
1310,75.743221,26.857412
1311,75.57,31.33
1312,71.485322,21.071623
1313,75.767169,29.116822
1314,78.068793,30.292178
1315,72.921567,19.11333
1316,85.743845,20.236361
1317,86.138586,23.653251
1318,78.646387,30.488981
1319,88.377625,22.485533
1320,73.68,18.72
1321,74.992643,15.474386
1322,77.651656,12.974961
1323,86.468278,23.821052
1324,-86.56196551,38.96026502
1325,77.006087,28.510825
1326,77.22608,28.67937
1327,72.850686,18.977995
1328,74.58,18.15
1329,74.262791,18.712746
1330,72.745476,21.148389
1331,77.498685,13.096162
1332,88.431928,22.616946
1333,72.938723,20.607771
1334,80.08,12.89
1335,72.971695,26.2605
1336,80.1264,12.9828
1337,73.115978,19.164721
1338,77.76887,12.7768
1339,70.705585,22.255549
1340,77.63613,12.96082
1341,77.55601,12.928059
1342,77.452967,23.273626
1343,73.80373,18.61862
1344,77.264636,19.180832
1345,88.364505,22.459169
1346,75.805677,30.911916
1347,80.252681,13.028627
1348,79.081593,21.172586
1349,77.389374,28.527597
1350,88.381386,22.472622
1351,72.806154,18.978006
1352,78.81667,10.38333
1353,76.610665,8.878787
1354,73.91972,15.31611
1355,77.023028,11.00031
1356,76.232785,10.549149
1357,77.443534,23.150756
1358,77.554634,12.994478
1359,77.549853,12.913505
1360,80.941263,26.936933
1361,88.386889,22.491938
1362,75.911973,22.709203
1363,72.836925,19.174783
1364,79.107774,21.241889
1365,75.91722,31.53222
1366,77.819184,13.160993
1367,88.3967,22.8877
1368,73.158703,22.30287
1369,79.126071,21.151313
1370,75.151669,15.366381
1371,75.890451,22.729423
1372,70.776496,22.282765
1373,80.176063,13.07265
1374,76.33268,9.965402
1375,76.622649,12.276748
1376,73.225171,19.169986
1377,76.69389,11.40861
1378,76.640515,30.75501
1379,73.139554,19.223942
1380,73.9,18.86667
1381,80.070176,12.916559
1382,83.343512,17.757841
1383,77.5963,13.0189
1384,75.755339,26.968933
1385,77.525,13.07667
1386,72.8106,18.9069
1387,76.001044,18.926923
1388,80,21.18333
1389,77.6044,12.9985
1390,80.224622,13.010897
1391,85.14139,25.61
1392,81.573254,21.261566
1393,77.502341,13.000489
1394,76.670001,30.709322
1395,80.400707,16.324317
1396,77.595,12.925
1397,80.2574,13.0063
1398,78.013538,30.335216
1399,81.107692,26.955878
1400,79.038732,21.111835
1401,72.840041,19.038516
1402,77.281398,20.785242
1403,73.900739,18.502635
1404,80.223183,12.982389
1405,75.62148,31.265946
1406,85.335374,23.398893
1407,79.057817,23.950839
1408,88.442807,22.680731
1409,73.55,19.7
1410,77.563542,13.069548
1411,73.815235,18.57942
1412,81.374348,21.201983
1413,73.166178,18.92764
1414,79.192412,21.211041
1415,11.584111,48.134195
1416,73.070481,19.037971
1417,71.8,21.0833
1418,72.68,23.22
1419,72.962035,19.206252
1420,79.058407,21.116978
1421,79.1103,21.133445
1422,77.335084,28.576347
1423,88.504832,22.128691
1424,76.674988,30.434205
1425,76.78,28.22
1426,74.626901,26.487383
1427,77.577852,13.02375
1428,76.792426,30.762317
1429,82.191853,22.06372
1430,79.206622,27.651998
1431,79.018077,20.259661
1432,88.363181,22.470809
1433,81.0011,26.851
1434,77.58006,28.840215
1435,73.939908,18.47713
1436,86.250123,22.839412
1437,76.86655,11.040054
1438,77.32694,28.14306
1439,77.5452,12.9396
1440,74.602211,26.483302
1441,88.365365,22.52004
1442,80.156453,13.062455
1443,77.366816,28.564519
1444,72.93333,20.63333
1445,73.853275,18.433704
1446,88.351662,22.46493
1447,73.767663,18.663883
1448,73.789259,18.51065
1449,78.0016,30.2903
1450,79.851274,13.084529
1451,79.038827,21.116312
1452,85.763542,20.26895
1453,79,21
1454,80.135156,13.049073
1455,78.101489,27.892383
1456,80.183237,13.021267
1457,77.8,13.07
1458,77.311096,28.38451
1459,80.11,12.93
1460,83.252042,17.741536
1461,73.147112,18.928027
1462,77.82,12.72
1463,76.990309,28.474616
1464,77.723634,11.33266
1465,80.189,12.9779
1466,72.90372,19.043732
1467,73.819757,15.488365
1468,76.13333,28.78333
1469,83.30872,17.719321
1470,77.70806,8.72889
1471,75.734764,29.134525
1472,77.54264,12.90579
1473,75.779194,26.959353
1474,80.289155,26.476277
1475,78.013118,30.353144
1476,77.5999,12.9732
1477,78.858737,29.296099
1478,77.359111,28.606007
1479,73.1643,22.3146
1480,77.105253,28.406685
1481,87.984436,22.55361
1482,77.595663,12.985866
1483,70.061222,22.471606
1484,73.8013,17.926
1485,74.595478,26.474702
1486,77.5837,13.1195
1487,80.164903,13.077741
1488,75.911242,22.761472
1489,72.88001,19.02767
1490,76.347436,9.946434
1491,80.929056,26.780508
1492,77.4224,28.650735
1493,72.808779,19.729989
1494,74.866457,12.848056
1495,77.2987,28.4317
1496,80.170051,13.071197
1497,88.36667,22.75
1498,72.883037,19.259521
1499,77.009775,11.013335
1500,76.904285,12.531147
1501,76.950136,11.013061
1502,80.64,16.243
1503,77.6562,12.9576
1504,77.434566,28.493232
1505,76.686017,30.652036
1506,79.842268,20.928222
1507,77.755632,29.005329
1508,76.766104,30.723966
1509,76.782158,30.739541
1510,76.937293,28.691959
1511,77.020124,28.503556
1512,82.186452,22.084258
1513,79.977829,15.492375
1514,72.851857,21.193352
1515,73.973718,18.486057
1516,88.395904,26.741803
1517,88.38,22.72
1518,73.067228,18.753059
1519,85.05,25.63333
1520,75.98333,17.58333
1521,79.830243,11.954995
1522,74.697713,13.500946
1523,80.688775,16.481141
1524,88.356659,22.509911
1525,72.784433,19.708959
1526,72.90369,22.414402
1527,85.365175,26.088505
1528,80.05,15.5
1529,77.563021,12.972015
1530,78.19,27.1
1531,77.028895,28.467299
1532,76.66378,10.78624
1533,77.564159,12.97494
1534,78.680732,10.818481
1535,78.502111,17.441856
1536,77.9,18.67
1537,77.243195,28.534155
1538,76.985149,28.45122
1539,73.875126,18.539235
1540,85.851018,19.833966
1541,77.72,22.75
1542,86.222799,23.810398
1543,77.084393,28.407632
1544,77.17222,31.10333
1545,73.7948,18.5442
1546,72.80809,19.706982
1547,88.462457,22.577072
1548,72.878724,19.111438
1549,75.861639,22.808778
1550,73.539082,18.756363
1551,76.655851,30.756258
1552,77.473795,23.19046
1553,77.452539,12.817956
1554,77.047179,28.376683
1555,75.125744,15.35003
1556,77.334229,28.390964
1557,78.203214,26.205239
1558,77.6764,12.9143
1559,1.55528,42.55833
1560,79.664092,20.833141
1561,74.23333,16.7
1562,72.900638,19.069359
1563,73.103,19.024
1564,73.001615,21.721344
1565,77.290609,28.494181
1566,-82.841985,27.846364
1567,73.905065,18.520209
1568,79.92833,23.10806
1569,85.849075,20.2814
1570,88.5424,22.40107
1571,77.39529,23.11702
1572,79.114744,21.135078
1573,77.324137,28.55182
1574,73.153862,22.285525
1575,80.926113,26.888436
1576,73.085224,22.245556
1577,78.099967,27.917376
1578,80.177022,12.940685
1579,79.098334,21.080409
1580,80.654311,16.515343
1581,76.541845,32.126322
1582,73.794801,18.437138
1583,78.067543,27.865695
1584,72.853818,19.019766
1585,74.276733,18.089811
1586,76.87528,18.51306
1587,81.824653,25.470837
1588,80.5425,16.3906
1589,75.695342,26.900156
1590,73.304153,16.995379
1591,75.967628,32.537765
1592,78.632859,20.735825
1593,80.4911,16.3422
1594,72.967103,21.450988
1595,78.85,18.1
1596,76.623079,12.321934
1597,74.470984,15.866183
1598,73.254962,21.372623
1599,76.787033,28.211607
1600,73.232995,22.273345
1601,77.66279,13.083227
1602,73.800991,15.595677
1603,77.12,30.92
1604,73.998901,15.963927
1605,81.699326,21.241299
1606,73.187321,22.35962
1607,73.852993,18.628795
1608,87.125381,23.883763
1609,77.412523,28.527249
1610,85.844657,20.250918
1611,77.028867,28.415742
1612,79.823971,11.952025
1613,79.085738,21.159018
1614,72.863405,19.044874
1615,80.212829,13.234221
1616,85.91829,26.018827
1617,73.23414,22.304805
1618,77.500532,13.041421
1619,80.23544,13.074579
1620,77.679339,12.858602
1621,86.097721,19.932263
1622,80.16722,16.08917
1623,77.426875,13.152958
1624,70.439387,21.727799
1625,84.282491,26.339449
1626,81.828,25.4513
1627,77.487603,28.707966
1628,76.470966,22.727957
1629,73.061962,19.031757
1630,73.46875,16.05654
1631,106.801507,-6.239325
1632,80.2179,13.0846
1633,82.251217,16.977352
1634,74.02,15.4
1635,77.5652,13.1156
1636,73.323278,18.798889
1637,73.68333,24.58333
1638,72.971621,19.227164
1639,87.779073,22.242796
1640,82.373054,25.350121
1641,77.594939,13.007723
1642,-76.8861,40.3276
1643,88.366066,22.517786
1644,77.774422,12.880421
1645,73.299655,19.036377
1646,76.879577,30.654432
1647,77.782574,27.244478
1648,72.869541,26.468199
1649,77.5944,12.9918
1650,75.828176,22.671609
1651,79.924608,23.167719
1652,74.468843,21.538081
1653,83.366665,17.776084
1654,70.055527,22.481143
1655,75.295035,19.886498
1656,75.143954,15.333254
1657,77.391359,28.588021
1658,81.8576,25.4481
1659,77.310722,28.177354
1660,86.158521,22.830053
1661,77.608668,13.074253
1662,76.2741,10.0207
1663,77.432268,23.287034
1664,82.029995,19.075483
1665,77.353622,28.559513
1666,75.605317,31.330804
1667,80.252422,12.931889
1668,86.41,23.78
1669,91.26667,23.83333
1670,72.927574,20.595081
1671,77.852315,12.735983
1672,77.590438,12.858535
1673,80.961744,26.897642
1674,72.605586,21.967569
1675,77.83333,9.83333
1676,80.2344,13.0606
1677,76.30389,9.87806
1678,76.670536,10.756653
1679,88.353262,22.507959
1680,72.853775,19.222544
1681,72.798626,18.951632
1682,80.629903,16.512149
1683,72.905931,19.078305
1684,70.04248,22.455374
1685,83.415911,18.124033
1686,81.055347,27.062476
1687,82.956318,25.357774
1688,74.218423,16.692116
1689,79.092709,21.10447
1690,73.001171,26.283697
1691,77.649488,12.855866
1692,77.308984,28.469063
1693,73.219284,22.294378
1694,77.588538,13.022485
1695,74.249043,16.714745
1696,81.084683,26.895619
1697,75.842704,22.669697
1698,77.824149,12.751082
1699,76.681229,30.715271
1700,86.990713,23.65444
1701,75.13972,27.61194
1702,77.331482,28.665188
1703,77.134004,31.092793
1704,77.371732,28.505514
1705,86.18333,22.8
1706,81.183956,21.204896
1707,79.960366,14.412591
1708,79.51391,18.002004
1709,85.325643,27.673793
1710,75.326624,19.864265
1711,72.84195,19.213085
1712,86.418012,23.814698
1713,73.640766,18.73783
1714,88.279838,22.576729
1715,79.52,29.22
1716,79.220106,20.631532
1717,76.05,18.16667
1718,77.361098,28.557211
1719,80.239088,26.462204
1720,78.496075,17.437981
1721,75.893253,22.730049
1722,73.0084,19.1034
1723,77.032243,28.522192
1724,77.099433,28.401971
1725,76.649789,12.298369
1726,76.99596,28.985265
1727,77.092831,28.478337
1728,73.903287,18.598477
1729,85.820684,20.297114
1730,83.347051,18.569919
1731,73.447077,18.936048
1732,77.75,22.62
1733,75.794716,26.919936
1734,77.024406,28.384116
1735,72.662737,23.243648
1736,85.831685,20.288937
1737,73.095809,19.009356
1738,73.069363,19.066472
1739,72.86656,19.02222
1740,73.870092,29.890963
1741,77.09652,28.555764
1742,73.080575,19.071749
1743,80.254007,13.009441
1744,73.857335,18.624987
1745,72.79534,19.737778
1746,75.105163,15.346409
1747,74.849783,12.861553
1748,77.448917,23.176444
1749,85.378336,23.302588
1750,75.850875,30.914597
1751,77.477933,28.442934
1752,71.809369,22.563782
1753,87.892319,23.40572
1754,77.665853,12.969046
1755,85.836605,20.322009
1756,80.128914,20.802556
1757,77.6025,12.9634
1758,85.785818,20.237902
1759,82.927396,25.532824
1760,80.1719,13.0631
1761,79.050951,21.144157
1762,80.9249,26.8346
1763,80.904794,26.864145
1764,77.090533,30.902265
1765,77.611767,12.892154
1766,88.3833,22.55
1767,75.918987,22.720782
1768,72.88,18.65
1769,78.45856,13.053173
1770,74.860758,12.863452
1771,73.039292,19.01891
1772,72.77,19.7
1773,73.81569,15.490566
1774,72.957533,22.578103
1775,78.284289,30.12113
1776,80.89854,27.086056
1777,77.012808,20.70378
1778,73.143338,22.27804
1779,88.24,22.62
1780,80.170009,12.959239
1781,78.077365,9.935755
1782,75.89867,22.667938
1783,72.73,19.97
1784,86.177951,23.66704
1785,77.318682,28.592968
1786,88.365422,22.519704
1787,77.0884,28.6396
1788,73.121242,18.998527
1789,77.4214,13.2882
1790,88.435382,22.632263
1791,77.693968,12.938382
1792,74.81233,31.634005
1793,77.322873,28.574129
1794,78.5402,17.5055
1795,80.857293,26.873001
1796,76.875451,11.001642
1797,73.078151,19.040416
1798,87.304883,23.543038
1799,72.8381,19.0201
1800,75.298509,19.840809
1801,77.627179,13.096108
1802,74.647062,26.447763
1803,75.914713,30.90607
1804,80.2014,13.0481
1805,86.976297,23.762564
1806,78.201326,26.224055
1807,77.01139,28.99583
1808,73.5403,17.4127
1809,72.926383,21.251746
1810,72.793344,21.206327
1811,79.906008,23.207104
1812,70.792969,22.275325
1813,85.897743,20.448627
1814,70.800294,22.31162
1815,85.777992,20.231259
1816,80.942867,26.843849
1817,73.865268,18.437853
1818,72.953228,20.600601
1819,77.541551,12.859291
1820,72.840012,19.214041
1821,77.620513,14.64809
1822,75.918072,17.643384
1823,88.471515,22.636865
1824,80.31609,26.431083
1825,72.416912,24.17311
1826,77.861226,27.189303
1827,84.010584,21.84208
1828,84.423219,26.349343
1829,77.611368,12.97038
1830,73.86247,18.553604
1831,74.572831,18.142137
1832,73.7122,16.2661
1833,73.929052,18.623733
1834,75.876291,25.220884
1835,76.962209,28.462853
1836,73.75016,18.50128
1837,76.971789,28.449774
1838,76.681686,30.658839
1839,74.569395,18.144044
1840,72.757527,19.680248
1841,73.80333,15.45056
1842,74.833514,12.837164
1843,76.55165,9.592875
1844,77.296756,30.131866
1845,81.5333,16.5333
1846,80.49861,26.81917
1847,80.2425,13.1103
1848,76.184529,10.534056
1849,75.856308,30.809003
1850,70.142245,23.065877
1851,73.793901,18.576018
1852,88.34,22.65
1853,76.997595,10.986809
1854,72.880241,19.121226
1855,76.275303,9.9800255
1856,78.041086,30.322426
1857,78.018821,15.836503
1858,77.794824,13.073793
1859,75.878033,22.724352
1860,77.903715,29.862201
1861,88.2880835,22.5593685
1862,-85.0111,41.2234
1863,77.289808,28.469744
1864,76.55974,9.575948
1865,78.621641,25.759244
1866,73.240395,22.323406
1867,80.434836,16.313877
1868,73.2927,22.7156
1869,73.826033,15.467771
1870,72.84171,20.27801
1871,74.258945,15.047865
1872,77.372736,28.530661
1873,78.465166,28.858274
1874,76.524269,9.594191
1875,88.266824,22.614897
1876,77.78473,28.72795
1877,72.9256,18.5536
1878,77.386515,23.260765
1879,77.604916,12.911464
1880,80.916026,26.784408
1881,75.879428,22.715073
1882,76.067382,18.019094
1883,79.115257,21.124831
1884,77.594999,12.96635
1885,88.322019,22.48475
1886,80.140761,12.630713
1887,79.278263,20.809158
1888,77.445597,23.185921
1889,77.565196,23.11485
1890,77.2344,28.5831
1891,77.5487,13.0038
1892,74.846931,31.626993
1893,77.42612,23.194217
1894,81.768024,25.426143
1895,75.81139,22.63472
1896,80.656343,16.498176
1897,78.870967,20.925864
1898,75.75,18.83333
1899,76.556147,18.396027
1900,78.410698,27.161683
1901,72.6275,22.3588
1902,77.354534,28.636759
1903,77.515563,13.071245
1904,77.360624,28.552082
1905,88.301815,22.510165
1906,80.13874,12.93739
1907,80.1913,13.0463
1908,73.8319,18.506
1909,73.758963,15.64079
1910,78.182386,10.114169
1911,85.09021,25.577752
1912,80.2408,13.08
1913,76.656984,30.691832
1914,78.076324,9.955101
1915,76.64333,12.30306
1916,77.894637,30.390395
1917,78.005424,27.231058
1918,73.8403,18.5211
1919,72.888444,19.056875
1920,72.95,23.6
1921,77.605104,12.972693
1922,74.826107,12.896622
1923,72.442829,23.274481
1924,88.35679,22.543406
1925,75.147351,21.023381
1926,75.899435,22.782781
1927,77.396415,23.273009
1928,77.345958,28.570553
1929,81.676956,21.213822
1930,72.952989,20.386873
1931,73.75253,24.602173
1932,73.0477,21.262
1933,80.269456,13.037561
1934,77.350542,28.579245
1935,91.732461,26.128882
1936,33.623874,34.895553
1937,74.828119,13.728406
1938,76.325599,32.23333
1939,88.159907,22.23002
1940,78.6746,28.8253
1941,77.473033,23.257896
1942,77.284691,30.120767
1943,80.13194,13.09694
1944,77.09,22.34
1945,80.94995,26.848159
1946,76.733924,30.673383
1947,73.701494,24.545961
1948,85.350991,23.417502
1949,85.85355,20.249074
1950,127.068387,37.540131
1951,88.26639,22.58444
1952,79.317795,19.974047
1953,76.7654,30.7198
1954,76.989185,11.025336
1955,73.168216,22.360655
1956,77.624945,12.994454
1957,79.030928,21.168911
1958,73.246168,22.310853
1959,78.612245,20.788326
1960,78.08,27.88
1961,77.546486,29.948561
1962,77.5789,12.9879
1963,77.772356,20.904426
1964,75.78357,23.176228
1965,77.397634,28.578498
1966,82.252901,16.963245
1967,73.871891,18.45466
1968,72.2763,21.6881
1969,79.305594,19.989899
1970,75.28509,21.246728
1971,88.444857,22.604543
1972,73.236883,19.163982
1973,75.297662,15.952363
1974,79.93333,23.16667
1975,75.850531,22.679876
1976,78.054821,30.33503
1977,74.85526,12.88419
1978,78.5822,17.5917
1979,78.13333,8.78333
1980,72.935411,19.185539
1981,76.3053,10.0243
1982,81.659113,21.250659
1983,81.7,21.15
1984,76.801688,30.719387
1985,77.566125,12.991537
1986,76.518977,30.976411
1987,81.033981,26.908137
1988,75.901829,22.713838
1989,70.776494,22.299402
1990,73.807138,18.555904
1991,76.724733,30.68582
1992,73.69787,24.596041
1993,78.324643,20.036867
1994,77.729267,28.947165
1995,77.861952,12.884548
1996,77.621325,13.118911
1997,85.05,25.58
1998,77.654343,10.378781
1999,77.289381,28.32
2000,76.666734,10.763883
2001,76.569576,30.299221
2002,74.793412,13.331615
2003,88.346214,22.533468
2004,79.065033,21.09622
2005,80.191094,12.942217
2006,76.909236,28.409485
2007,76.695186,27.674191
2008,73.20969,19.200163
2009,73.83652,18.568231
2010,77.434767,13.112592
2011,79.163284,21.148696
2012,75.306469,19.848361
2013,75.755636,18.980816
2014,78.14868,9.923334
2015,82.255525,17.009386
2016,72.769361,19.674665
2017,78.16667,29.96667
2018,75.916674,17.633868
2019,73.910061,15.488915
2020,76.959391,28.392686
2021,77.700727,12.924893
2022,75.887227,25.180011
2023,80.114695,26.606357
2024,91.797708,26.134947
2025,76.528033,9.595891
2026,75.718259,22.503995
2027,72.812961,19.1336
2028,74.864988,26.584047
2029,73.569627,18.812583
2030,79.137811,18.450979
2031,77.649208,12.959238
2032,78.957708,21.184449
2033,77.5099,13.055
2034,72.841275,19.002644
2035,73.821076,18.590034
2036,77.465069,27.494145
2037,74.751127,19.131055
2038,72.498701,23.228573
2039,70.06145,22.4604
2040,72.9128,19.0458
2041,101.691405,3.160753
2042,77.585658,12.964266
2043,80.891536,26.776845
2044,80.18985,13.0166
2045,84.985292,24.69405
2046,79.910276,23.150823
2047,77.011693,10.982253
2048,74.802443,12.958996
2049,80.085466,12.86561
2050,77.943705,13.184337
2051,76.110858,26.591483
2052,77.628516,13.083275
2053,76.283409,9.977968
2054,77.394085,28.518116
2055,74.853648,12.932432
2056,80.250567,12.913768
2057,76.922584,28.285102
2058,88.495491,22.560951
2059,72.841149,19.102075
2060,73.170453,22.257554
2061,72.88,21.08
2062,72.7954,21.2218
2063,72.6833,23.2167
2064,81.854706,25.476749
2065,85.325317,27.685618
2066,75.900748,26.71876
2067,81.675174,21.202573
2068,74.866358,19.915811
2069,79.538288,29.253357
2070,79.478219,20.597874
2071,77.302071,28.648586
2072,73.628992,18.74542
2073,73.001211,26.197998
2074,79.081697,21.069609
2075,85.383545,23.968546
2076,77.68333,27.48333
2077,77.419604,23.238751
2078,81.655468,21.211929
2079,74.298362,16.876947
2080,73.3348,19.4994
2081,70.83333,22.81667
2082,70.754033,22.268444
2083,73.130185,22.304156
2084,73.789732,18.466551
2085,80.2408,13.07
2086,75.302181,20.314433
2087,73.945,15.174
2088,83.2019,17.8276
2089,88.2,22.2
2090,72.931875,22.593463
2091,-86.1584,39.7683
2092,71.471689,22.98906
2093,75.809058,26.889691
2094,79.905016,13.136196
2095,74.160386,17.276565
2096,77.671996,12.774745
2097,78.5591,17.4058
2098,77.417,12.55
2099,85.753178,20.261556
2100,72.829678,18.981738
2101,75.115177,15.346804
2102,88.387512,22.528445
2103,73.152864,22.316303
2104,75.84384,22.645115
2105,70.043164,22.481903
2106,76.61667,28.18333
2107,75.627852,20.940602
2108,70.062966,22.428748
2109,74.844226,12.909715
2110,77.388417,28.650041
2111,73.899213,18.481531
2112,75.611604,25.476061
2113,73.024496,26.212107
2114,74.834558,12.898066
2115,76.924672,11.046873
2116,75.326752,19.859261
2117,85.375,23.352
2118,77.772013,12.97073
2119,76.846594,30.727858
2120,72.655749,23.247262
2121,85.310121,23.267939
2122,73.149734,18.985549
2123,73.02222,19.17667
2124,76.133173,26.584684
2125,77.691887,28.947812
2126,74.283241,19.910551
2127,78.42466,24.845113
2128,13.349314,52.524486
2129,77.678451,27.462635
2130,72.642538,23.074025
2131,88.462075,22.69763
2132,80.27631,26.472739
2133,75.404809,19.86494
2134,70.767596,22.254952
2135,79.637276,21.158287
2136,77.510709,12.926424
2137,72.853995,19.176917
2138,83.262586,17.745941
2139,80.628549,16.243094
2140,82.986321,25.311437
2141,73.189772,22.302792
2142,76.963756,28.408144
2143,78.19306,26.215
2144,73.013841,19.207913
2145,72.9078,19.0905
2146,77.071786,29.031215
2147,76.707597,30.683806
2148,73.335588,18.909918
2149,74.885646,21.355465
2150,80.2642,13.0506
2151,75.91162,25.181337
2152,88.282875,22.478796
2153,73.896074,18.558646
2154,74.637122,26.48579
2155,73.62028,22.77722
2156,77.929081,24.752628
2157,77.558448,12.891082
2158,79.066479,21.18406
2159,85.16667,25.41667
2160,73.938971,15.286711
2161,77.704443,13.024599
2162,88.372755,22.479986
2163,72.932748,19.112496
2164,73.701287,18.608399
2165,77.338743,28.67929
2166,106.793022,-6.240302
2167,75.132735,28.839709
2168,78.165948,11.248124
2169,77.240792,28.536742
2170,76.976885,11.00223
2171,77.52075,28.761997
2172,83.022258,25.356042
2173,73.200061,22.287522
2174,73.833222,18.465312
2175,87.278095,22.347893
2176,85.801971,19.816131
2177,85.319463,23.296956
2178,75.77761,26.900115
2179,80.200727,13.039183
2180,73.63,15.87
2181,73.094595,22.254755
2182,73.9,15.37
2183,77.482362,28.652011
2184,81.656636,21.222408
2185,77.573418,12.888533
2186,73.95833,15.27194
2187,79.073353,21.134389
2188,80.002888,14.456641
2189,80.117945,13.06437
2190,83.9,18.3
2191,80.682832,16.509265
2192,74.80611,34.09111
2193,75.909654,22.716815
2194,76.979607,11.023232
2195,80.205129,13.01664
2196,77.435602,12.994801
2197,78.545297,17.476609
2198,82.916257,25.124509
2199,80.28,13.1172
2200,79.66043,21.184011
2201,75.097687,15.389936
2202,77.507284,23.234244
2203,77.711773,12.923545
2204,74.889927,12.872331
2205,72.963198,22.556996
2206,80.390045,23.803487
2207,77.87009,9.182037
2208,77.775015,20.961597
2209,77.42143,23.39751
2210,76.98137,28.381414
2211,73.017705,19.05977
2212,78.616524,20.746141
2213,80.1653,13.0205
2214,75.826353,25.126665
2215,73.80316,18.66238
2216,78.843782,14.476297
2217,74.021732,18.35466
2218,73.804662,18.727323
2219,76.758706,30.707397
2220,75.883018,22.721244
2221,72.860597,19.173951
2222,78.032837,30.262241
2223,76.7725,30.37861
2224,77.619,13.143
2225,80.0615,13.0522
2226,73.924971,18.549645
2227,77.685529,12.792727
2228,78.033559,12.975179
2229,77.528802,12.936628
2230,78.842789,21.279707
2231,74.580229,18.164774
2232,78.009109,30.328262
2233,79.045277,21.122092
2234,75.916122,17.684148
2235,79.39186,24.857578
2236,87.345138,22.351959
2237,77.7359,8.7236
2238,75.7174,26.9358
2239,72.80265,18.952609
2240,86.156601,23.687594
2241,76.67299,30.766911
2242,77.4741,12.6808
2243,77.03404,11.04556
2244,81.846712,21.562562
2245,73.004076,21.716412
2246,87.337165,22.352866
2247,80.909712,26.856919
2248,88.44383,22.68002
2249,73.933573,18.479533
2250,73.47,22.5
2251,79.418895,13.625475
2252,76.550671,9.572427
2253,73.935543,18.518594
2254,76.319041,9.935889
2255,76.669156,30.667746
2256,73.197892,19.193771
2257,82.124892,22.111752
2258,75.181808,17.754643
2259,77.65957,27.506285
2260,72.950379,21.280882
2261,-85.7661219,40.9948233
2262,75.862208,25.177917
2263,77.460445,23.16969
2264,77.514,13.03
2265,78.738041,28.875701
2266,77.716385,13.096611
2267,77.759291,13.338634
2268,72.828969,19.139242
2269,73.259661,18.914051
2270,80.63748,16.245539
2271,75.957396,30.799719
2272,75.739769,26.893148
2273,73.12,21.12
2274,86.396117,26.217051
2275,77.381161,28.513121
2276,74.48,19.77
2277,73.066,26.2072
2278,82.9827,25.338
2279,80.259,13.078
2280,75.057956,19.524064
2281,80.10364,12.91113
2282,78.239363,30.432963
2283,77.6059,12.9825
2284,75.84861,30.90833
2285,88.433798,22.628646
2286,72.131109,23.846138
2287,77.3831,28.6218
2288,77.032591,29.000308
2289,77.770331,13.025845
2290,78.581563,27.097356
2291,77.314321,28.421649
2292,77.355737,28.649273
2293,76.308456,9.957759
2294,77.458221,13.177301
2295,72.800282,21.158649
2296,75.64521,26.964285
2297,86.996105,23.672996
2298,77.580028,12.948258
2299,75.274699,22.67332
2300,80.21365,27.363912
2301,86.972615,23.682698
2302,75.597232,21.002845
2303,76.841084,30.6848
2304,79.058031,21.149914
2305,88.36139,22.49278
2306,77.602389,12.84934
2307,73.845858,18.64325
2308,80.897151,26.741922
2309,73.110364,20.164875
2310,80.688181,16.498461
2311,77.647124,27.505165
2312,72.8864385,19.16113
2313,78.474149,17.516621
2314,80.645732,16.499949
2315,76.359092,10.160798
2316,73.792555,18.61922
2317,80.947291,26.8373
2318,80.11332,12.949554
2319,76.361736,10.009277
2320,77.555312,12.873538
2321,33.906425,27.001619
2322,86.314142,24.187571
2323,-86.1011,38.6056
2324,76.983016,28.49543
2325,72.806327,18.972317
2326,77.113156,28.450182
2327,80.223191,13.013827
2328,74.48,19.88
2329,88.4188,22.5732
2330,79.024596,21.109388
2331,73.225852,22.299283
2332,79.5113,13.6712
2333,77.636193,12.857784
2334,80.073397,12.908511
2335,76.99778,11.09
2336,80.189684,12.888388
2337,77.561686,12.942675
2338,73.181555,22.229135
2339,79.9811,12.9799
2340,78.42,24.48
2341,75.115427,15.342188
2342,88.395148,22.5879
2343,76.290031,10.016043
2344,73.666405,24.5413
2345,77.50141,13.08465
2346,78.501154,17.509327
2347,73.008955,19.239463
2348,85.165328,25.606884
2349,77.1775,28.51583
2350,76.360702,9.965611
2351,75.884972,22.718204
2352,76.700356,30.723902
2353,85.363531,23.393362
2354,75.6803,22.882048
2355,73.1349,18.5422
2356,74.900647,12.968029
2357,73.063476,19.02448
2358,76.344,10.017
2359,77.413045,23.201088
2360,75.58396,26.54496
2361,86.326143,26.351855
2362,73.985541,15.395689
2363,79.09588,13.20557
2364,77.563506,12.889549
2365,80.54779,16.570399
2366,79.929216,14.378382
2367,73.837592,15.517436
2368,80.046842,12.824586
2369,75.58753,26.876538
2370,75.918916,17.621968
2371,79.8,23.13
2372,73.021056,19.292116
2373,78.408129,24.692547
2374,77.536916,13.071638
2375,75.836081,26.76689
2376,88.228323,22.071771
2377,73.06667,19.3
2378,77.649867,25.430986
2379,72.147586,21.764509
2380,70.05781,22.473819
2381,76.500997,18.250791
2382,72.980173,21.712039
2383,80.0279,13.1236
2384,77.355927,28.587859
2385,77.32633,28.668757
2386,79.006178,21.167876
2387,80.237343,13.040383
2388,74.234944,16.706784
2389,80.2657,13.0604
2390,76.660791,30.719268
2391,72.926902,18.728912
2392,88.462015,22.592164
2393,77.555034,13.011261
2394,76.599386,28.884738
2395,79.971465,23.14968
2396,75.577352,31.283624
2397,77.668989,12.996619
2398,75.785916,23.204425
2399,75.666905,22.497621
2400,73.0816,25.1543
2401,91.684482,26.163543
2402,77.022817,28.406281
2403,73.011499,19.094268
2404,77.683497,12.967994
2405,75.83177,22.690454
2406,76.80621,30.470771
2407,72.989967,19.071818
2408,82.262447,17.001607
2409,78.03,27.36
2410,77.9473,27.2142
2411,84.826391,19.303852
2412,74.333985,16.214663
2413,73.08,22.23
2414,74.287768,16.694928
2415,75.57435,31.316839
2416,76.043744,10.610246
2417,78.250828,24.781911
2418,83.020664,25.273958
2419,72.932658,20.958281
2420,80.365018,26.417963
2421,-87.0725658,39.4741165
2422,77.43124,19.979766
2423,81.085782,26.938677
2424,73.159044,22.389918
2425,91.786957,26.148136
2426,75.911139,22.665579
2427,85.118502,25.628712
2428,72.61024,21.750834
2429,77.610321,13.034353
2430,78.057399,27.584028
2431,75.8163,26.8923
2432,80.2897,13.1297
2433,80.326679,26.445609
2434,80.5579,16.4046
2435,88.50841,22.067068
2436,76.594249,12.296183
2437,72.928261,22.549147
2438,77.753143,12.996259
2439,73.787111,18.602428
2440,77.577062,13.028814
2441,85.465558,26.151597
2442,80.1847,13.025
2443,77.617213,12.897859
2444,76.956863,29.14745
2445,77.644206,13.057734
2446,73.3169,19.0247
2447,75.481031,27.099584
2448,85.095322,25.611046
2449,82.130644,22.082521
2450,72.596893,23.091949
2451,77.01262,11.03143
2452,74.455725,20.257016
2453,78.010686,27.213488
2454,73.80773,15.39522
2455,74.117056,18.505752
2456,86.9335,21.4927
2457,75.129696,15.375415
2458,76.807452,30.73809
2459,73.676797,15.763599
2460,78.218901,26.233244
2461,80.059339,12.852401
2462,76.631291,27.557683
2463,73.966291,15.256633
2464,77.300285,28.438712
2465,77.378878,23.275614
2466,76.724948,30.731886
2467,72.823163,18.957085
2468,80.666502,16.4911
2469,80.7222,16.5066
2470,74.872403,12.926562
2471,88.428003,22.610226
2472,75.88136,26.806025
2473,80.118479,12.88851
2474,77.334625,23.277469
2475,73.982,15.2601
2476,75.77722,23.18278
2477,72.825759,18.935883
2478,80.938274,26.769016
2479,88.326,22.5747
2480,77.3425,28.5688
2481,74.576673,16.872279
2482,83.400211,18.107793
2483,77.624664,12.979947
2484,79.91581,27.88252
2485,77.510233,17.883963
2486,82.231207,17.827647
2487,78.092506,30.357436
2488,85.289842,23.389986
2489,81.116671,27.292573
2490,76.38519,10.159679
2491,75.722221,16.813322
2492,88.27,22.68
2493,77.26861,11.19528
2494,76.208977,10.500115
2495,73.012938,19.015164
2496,79.05766,21.108302
2497,77.026401,28.468976
2498,73.208399,22.189595
2499,80.234522,13.138566
2500,76.809055,28.182568
2501,77.445819,28.682219
2502,77.756149,12.987248
2503,88.301004,22.172927
2504,75.800617,30.879049
2505,75.920251,22.75649
2506,73.87053,18.460652
2507,87.857086,23.414972
2508,80.2125,13.0511
2509,79.812839,11.885008
2510,77.401138,23.246193
2511,78.015,30.3018
2512,73.659488,18.728857
2513,76.251044,10.492483
2514,80.2,12.99
2515,76.567221,18.379719
2516,77.858347,30.371102
2517,79.469041,29.142597
2518,88.793352,22.710469
2519,78.858624,24.624009
2520,72.947833,19.127333
2521,86.150586,23.674752
2522,88.3638485,22.5747005
2523,85.566222,23.178998
2524,83.989785,25.578105
2525,79.437976,13.656939
2526,80.310817,26.420987
2527,91.802088,26.117108
2528,77.43291,23.21118
2529,80.004278,12.760339
2530,86.25166,22.800527
2531,74.827468,12.883717
2532,80.677391,16.52097
2533,79.0565,21.1373
2534,79.930825,23.151023
2535,70.371586,20.916223
2536,91.783791,26.153169
2537,77.495101,23.229813
2538,76.598675,27.544046
2539,87.95851,22.630002
2540,77.652802,27.513481
2541,73.709114,17.286528
2542,88.502287,22.625262
2543,79.407024,28.324074
2544,74.267263,16.70456
2545,76.065389,18.012271
2546,73.009309,26.277539
2547,88.4,22.6
2548,-105.279193,40.016847
2549,73.189891,19.03722
2550,76.308092,10.02667
2551,77.088514,28.493644
2552,79.39722,28.97083
2553,77.586951,12.948948
2554,74.13806,18.69361
2555,77.566471,12.872314
2556,73.26667,18.81667
2557,74.844055,12.871104
2558,72.171336,21.778398
2559,84.420828,25.454146
2560,77.92,29.1
2561,81.613087,21.287574
2562,77.642798,13.037709
2563,80.614579,16.51906
2564,73.2,17.47
2565,73.26135,26.173068
2566,73.7047,15.9787
2567,77.938,13.021
2568,84.560372,25.135892
2569,77.96667,27.08333
2570,76.64028,12.305061
2571,86.297165,24.193488
2572,72.904746,19.064007
2573,77.8061,23.5239
2574,75.8256,26.8377
2575,81.693416,21.265617
2576,79.0552,21.1335
2577,79.341751,10.947772
2578,75.77718,26.819438
2579,80.905985,21.372741
2580,70.947127,22.364629
2581,73.70694,24.56194
2582,73.103711,21.126741
2583,88.353705,22.484604
2584,74.632481,16.839518
2585,75.308884,31.633963
2586,73.326443,27.994242
2587,80.674776,16.485164
2588,82.246679,16.960747
2589,80.025795,15.512973
2590,78.1133,20.411
2591,80.1311095,12.9376465
2592,80.24878,12.972166
2593,75.57917,31.32556
2594,85.28718,23.352324
2595,77.523237,12.960634
2596,77.338834,28.708257
2597,88.261503,22.581132
2598,72.810985,21.178771
2599,76.804973,30.746868
2600,76.888531,30.694045
2601,74.682494,25.935929
2602,86.963128,23.692276
2603,82.240758,16.9794775
2604,77.596486,13.061261
2605,73.842635,18.503344
2606,75.787674,23.167654
2607,78.083478,27.902268
2608,79.09592,21.125324
2609,77.375984,28.594716
2610,75.842674,22.678266
2611,74.238728,17.315697
2612,74.8095,13.0034
2613,72.753031,21.722095
2614,79.284836,19.975765
2615,73.218799,22.27547
2616,76.587393,26.426535
2617,78.510735,17.404893
2618,77.59819,12.971321
2619,79.796944,11.936539
2620,77.628102,12.897215
2621,77.287122,28.404684
2622,77.110716,28.435405
2623,74.659579,26.540565
2624,77.638008,13.036614
2625,72.115717,21.71676
2626,85.77123,20.303208
2627,77.573811,12.980291
2628,78.17917,26.22361
2629,88.559988,22.494595
2630,72.870654,19.039263
2631,73.226789,21.435892
2632,73.002962,21.711484
2633,77.546567,13.009576
2634,77.043287,28.466109
2635,70.809742,21.982601
2636,73.027412,19.243657
2637,76.652546,10.792061
2638,76.543091,9.587839
2639,73.9903,15.2882
2640,73.71,16.26
2641,81.28333,24.51667
2642,76.621298,28.881561
2643,80.253504,26.504762
2644,70.288923,21.745894
2645,74.627004,24.88756
2646,88.366731,22.660155
2647,77.2889135,28.656401
2648,75.76,22.55
2649,88.36159,22.479002
2650,72.92195,20.601692
2651,74.85017,12.875343
2652,75.845302,25.113709
2653,73.468314,22.496749
2654,75.564773,21.014143
2655,79.476118,11.908735
2656,74.250482,16.710136
2657,79.516656,29.388298
2658,77.606124,13.039377
2659,75.384411,21.045254
2660,77.362066,28.637077
2661,7.680335,45.073846
2662,73.889969,18.427234
2663,86.74067,21.933219
2664,73.783055,18.507135
2665,72.97787,21.186905
2666,79.239259,21.118085
2667,77.404028,28.674211
2668,73.763802,18.647126
2669,86.211829,22.808263
2670,77.139149,28.662407
2671,74.182597,16.708038
2672,83.06955,25.427827
2673,79.414653,29.014547
2674,77.629239,13.008669
2675,79.964576,14.415772
2676,69.658728,22.206071
2677,79.672938,21.554795
2678,74.779969,20.92019
2679,75.834224,22.720512
2680,80.12833,13.10167
2681,77.498436,23.254675
2682,85.86347,20.324661
2683,80.913506,26.851529
2684,78.536,17.4279
2685,77.578114,13.078221
2686,78.624557,20.751625
2687,74.602014,26.469334
2688,76.82806,11.00972
2689,77.6137,13.0034
2690,79.088393,21.086981
2691,88.450084,22.699244
2692,73.384903,27.16092
2693,75.055548,21.052338
2694,77.33536,28.351646
2695,85.096137,25.648546
2696,75.72456,12.42773
2697,77.033762,19.179189
2698,76.891937,12.900976
2699,76.847349,30.688668
2700,72.82609,18.930697
2701,88.995434,26.44017
2702,74.197449,30.128184
2703,83.221873,17.762595
2704,75.6809,26.96
2705,73.8263,18.5115
2706,80.872611,26.836478
2707,76.619518,28.915079
2708,77.504595,28.776296
2709,73.144969,18.247815
2710,78.274812,30.06583
2711,76.689052,30.708552
2712,80.858175,26.823489
2713,77.528179,12.898461
2714,88.37187,22.615826
2715,73.074686,22.239999
2716,85.838226,20.240451
2717,76.654333,12.293582
2718,79.724708,23.101493
2719,71.669082,22.18322
2720,87.953557,23.176681
2721,80.2467,13.0156
2722,77.3864,12.7989
2723,70.090886,22.476802
2724,72.908811,20.604301
2725,88.334486,22.626949
2726,76.803154,30.7055
2727,74.68345,26.515682
2728,75.857839,25.17334
2729,73.834208,18.47248
2730,79.19875,21.216111
2731,77.571988,13.066394
2732,77.756825,13.048081
2733,77.728448,12.796202
2734,74.814458,31.64073
2735,80.2637585,12.988292
2736,85.855363,20.28238
2737,84.850927,22.224203
2738,77.98826,30.329857
2739,77.329251,28.671102
